{
  "spec/example3_spec.rb": 0.0003299713134765625,
  "spec/example4_spec.rb": 3.314018249511719e-05,
  "spec/example2_spec.rb": 1.4066696166992188e-05,
  "spec/example1_spec.rb": 0.002804279327392578
}