{
  "spec/example3_spec.rb": 0.0003867149353027344,
  "spec/example2_spec.rb": 1.5974044799804688e-05,
  "spec/example1_spec.rb": 1.4781951904296875e-05,
  "spec/example4_spec.rb": 1.3113021850585938e-05
}