{
  "spec/example2_spec.rb": 0.0004150867462158203,
  "spec/example1_spec.rb": 2.002716064453125e-05
}